Position;Mean_Q1;Mean_Q2;Mean_Q3;Mean_Q4;Mean_MT1;Mean_MT2;Mean_Game;CV_Q1;CV_Q2;CV_Q3;CV_Q4;CV_MT1;CV_MT2;CV_Game;Max_Q1;Max_Q2;Max_Q3;Max_Q4;Max_MT1;Max_MT2;Max_Game;ApEn_Q1;ApEn_Q2;ApEn_Q3;ApEn_Q4;ApEn_MT1;ApEn_MT2;ApEn_Game;SampEn_Q1;SampEn_Q2;SampEn_Q3;SampEn_Q4;SampEn_MT1;SampEn_MT2;SampEn_Game;H2_Q1;H2_Q2;H2_Q3;H2_Q4;H2_MT1;H2_MT2;H2_Game;Frac_Max_Q1;Frac_Max_Q2;Frac_Max_Q3;Frac_Max_Q4;Frac_Max_MT1;Frac_Max_MT2;Frac_Max_Game;Frac_Peak_Q1;Frac_Peak_Q2;Frac_Peak_Q3;Frac_Peak_Q4;Frac_Peak_MT1;Frac_Peak_MT2;Frac_Peak_Game
MO;7.789367303;8.112066219;6.217392475;6.934284982;7.950716761;6.575838728;7.215188602;55.6051613;54.0735316;76.7392735;65.8007976;54.8614414;71.197433;63.5792138;22.29;27.45;25.84;28.05;27.45;28.05;28.05;0.241824659;0.248275034;0.234742947;0.237503633;0.246026579;0.237618298;0.241643699;0.123169701;0.127998894;0.105998372;0.109811436;0.126220049;0.10835417;0.116756956;1.0077;0.9854;1.0737;1.0315;0.9251;0.9662;0.9023;1.9428;2.4876;;5.3793;1.9091;9.9384;9.4746;1.13;1.26;;1.83;1.05;8.89;1.57
A;7.632878218;7.384194212;6.48928525;6.825641909;7.508540625;6.65746358;7.064558177;59.9136758;67.0906675;72.1890805;67.7624607;63.5137872;69.9657626;66.9606704;25.28;25.68;24.85;24.46;25.68;24.85;25.68;0.241409652;0.215226013;0.211507734;0.213985704;0.229786044;0.212629936;0.221834046;0.113609002;0.091201371;0.093003662;0.096334512;0.1020982;0.09464255;0.098460526;0.9168;1.056;1.0569;0.991;0.9386;0.9523;0.9089;1.7301;2.2374;;5.5381;2.0825;8.1705;8.1687;1.06;1.22;2.17;1.82;1.11;1.75;1.92
DC;6.614901118;6.467650544;5.897359959;5.145966099;6.541275831;5.521663029;6.026885345;60.1169607;58.6062233;65.0271705;68.0439566;59.3967233;66.8474612;63.4271124;23.31;22.72;22.3;19.85;23.31;22.3;23.31;0.272746842;0.266676683;0.263784305;0.293473179;0.272523712;0.279751657;0.274598855;0.168217212;0.145432046;0.147581827;0.163342651;0.158233363;0.155083929;0.155200618;0.9607;1.0339;0.9735;0.9241;0.9283;0.9055;0.8753;1.8351;1.9825;1.7997;1.5546;2.0114;1.5896;1.7884;1.06;1.15;1.09;1.03;1.05;1;0.97
DC;6.701445078;6.475201096;6.113884039;5.792851011;6.588323087;5.953367525;6.267990604;60.9585176;64.4999532;66.0780114;64.6634186;62.7250134;65.4907498;64.2766582;23.19;23.86;21.41;26.16;23.86;26.16;26.16;0.289773777;0.249842514;0.267098587;0.278634825;0.271954552;0.275204068;0.272821299;0.165463453;0.13288066;0.142093666;0.149215803;0.150372489;0.146715102;0.147691104;0.8773;1.0446;0.9938;0.937;0.901;0.9077;0.8636;1.8422;2.0533;2.2152;1.7897;1.9839;2.3728;2.1017;0.99;1.16;1.13;1.12;1.02;1.11;1.01
MO;6.936161025;6.677531294;6.110121006;5.153430186;6.80684616;5.631775596;6.212854919;64.4183112;63.5368301;69.8174477;67.911075;64.0343771;69.7974669;67.4297209;30.71;22.78;23.12;20.48;30.71;23.12;30.71;0.366430333;0.303720382;0.239334955;0.25333532;0.339311212;0.244821512;0.295977004;0.162207716;0.144111775;0.10934209;0.104812861;0.154207996;0.105270604;0.127373927;0.9994;0.9044;1.0168;1.0724;0.8862;0.9714;0.8743;1.664;1.6607;3.1944;4.0294;1.6752;4.628;4.3891;1.09;1.03;1.48;1.59;1.01;1.69;1.57
MO;6.538294072;6.330698883;6.588781138;6.212253877;6.434496477;6.400517508;6.417386934;65.7592673;64.8819261;63.8957246;63.2360225;65.3634642;63.6804676;64.526161;25.49;24.73;25.87;24.22;25.49;25.87;25.87;0.227810792;0.223408923;0.261516494;0.2881482;0.226325097;0.276643008;0.254348713;0.103938133;0.096362436;0.124831986;0.139329732;0.099964101;0.131221952;0.115329019;0.9751;1.0374;1.0436;0.951;0.9386;0.942;0.8969;3.3214;2.1918;5.3407;2.0321;3.4039;5.3536;4.9534;1.39;1.25;1.64;1.11;1.4;1.72;1.68
MO;6.997840997;6.401898458;6.563122349;5.981513703;6.699869727;6.272318026;6.481310925;59.6695619;70.6575308;66.1683696;73.7889939;65.1219896;69.9569496;67.5940341;23.31;24.72;26.9;26.13;24.72;26.9;26.9;0.246188037;0.20490341;0.229197992;0.250426844;0.225731657;0.242392233;0.235505874;0.1145045;0.077640318;0.095039079;0.107021277;0.095122732;0.101122451;0.097870102;0.9162;0.9423;1.02;0.9767;0.8602;0.9217;0.8602;1.8809;2.0785;1.8363;5.6011;2.0152;5.1347;5.7003;1.04;1.12;1.17;1.62;1.02;1.58;1.76
MO;7.219819368;6.718717655;6.34285381;5.414611693;6.969268511;5.878732751;6.404225442;64.2381855;70.6687671;68.6967975;79.713136;67.437213;74.190976;71.2083058;27.72;27.38;24.57;21.73;27.72;24.57;27.72;0.226548636;0.21378259;0.208634891;0.209879755;0.221868998;0.209188588;0.214079217;0.10096018;0.08909701;0.085392105;0.086490947;0.095160859;0.085950623;0.089189964;1.0421;1.0704;0.9605;1.03;0.9816;0.9276;0.9159;2.0738;1.9507;1.9287;2.3249;2.081;1.976;2.0606;1.17;1.23;1.12;1.28;1.12;1.09;1.08
MO;7.131038672;6.06056457;5.736496378;5.264890071;6.595821448;5.500693225;6.008674502;58.1942123;68.3835283;73.954489;70.2661629;63.3956301;72.4836128;68.4806206;26.08;25.38;27.46;26.11;26.08;27.46;27.46;0.24000175;0.220811643;0.206758008;0.227483948;0.231036584;0.21668719;0.222114563;0.106406296;0.08756334;0.081270564;0.089594185;0.096142778;0.084472804;0.088679473;0.9835;0.9654;1.0384;0.9807;0.9007;0.9396;0.8783;1.6471;1.9788;4.8047;2.7477;1.8088;4.8646;4.7993;1.07;1.13;1.41;1.35;1.03;1.48;1.58
MO;7.11752685;6.778571958;6.236825986;6.145116397;6.948049404;6.190971192;6.566106544;64.63061;60.7918991;68.4908296;67.543694;62.8989261;68.0305855;65.6042427;25.72;23.75;25.51;23.78;25.72;25.51;25.72;0.233564905;0.234144099;0.209332707;0.240680738;0.235939662;0.227450386;0.231810908;0.108376603;0.098625298;0.080142074;0.09356884;0.104116563;0.086924687;0.094692447;0.9787;0.9933;1.0614;0.9683;0.9151;0.9523;0.8914;2.0415;2.1135;1.9551;2.1903;2.0677;2.093;2.147;1.13;1.15;1.18;1.15;1.07;1.12;1.07
MO;7.530202959;6.793616831;6.620796614;5.72579428;7.161909895;6.173295447;6.640673942;60.4501387;67.2623635;68.1806754;76.060167;63.8873328;72.2099702;68.3768582;25.58;25.29;27.18;25.21;25.58;27.18;27.18;0.251206448;0.224830859;0.22939318;0.198880744;0.23936905;0.215146921;0.22767314;0.118934072;0.091064388;0.100559624;0.081388016;0.103725681;0.090502466;0.095948966;0.999;1.1018;0.9803;1.0596;0.9864;0.9432;0.929;2.0235;2.2116;1.593;6.2964;2.2128;5.4701;5.3293;1.18;1.26;1.13;1.64;1.19;4.8;1.46
MO;7.722114334;6.771103703;6.028551639;6.534727497;7.246625882;6.281639568;6.743220241;58.8954291;65.0646559;73.6818148;65.9455143;62.131721;69.7810918;66.2412297;26.99;28.98;25.37;27.88;28.98;27.88;28.98;0.257351537;0.23269587;0.229865951;0.226976032;0.245136803;0.230658675;0.237509672;0.125413943;0.093309004;0.099109126;0.093743187;0.108069886;0.096559752;0.101344256;0.9346;0.9646;1.0109;1.0002;0.8896;0.9359;0.8779;1.777;2.602;2.6692;2.087;2.3366;2.681;2.9262;1.08;1.29;1.35;1.14;1.17;1.27;1.26
MO;7.82143429;7.285380624;6.788394556;6.441709603;7.553407457;6.61505208;7.068922451;59.0404959;57.5974914;67.1329704;71.5130883;58.5179145;69.3149965;64.0890223;28.31;24.78;25.98;27.2;28.31;27.2;28.31;0.252930707;0.251109426;0.226170543;0.21356371;0.253143321;0.222347098;0.237113677;0.114331173;0.113035034;0.095889661;0.094629954;0.112851588;0.095637729;0.103866964;1.0081;1.0344;1.0418;0.9728;0.955;0.9326;0.8927;1.8852;1.9307;4.6795;3.2779;1.858;4.6776;4.9391;1.14;1.15;1.75;1.39;1.08;1.68;1.67
MO;7.433290479;6.644185415;6.796623898;6.559288172;7.038737947;6.677960288;6.858675026;58.8921476;66.1421397;64.8692515;73.7163917;62.5645741;69.3091743;65.9143624;24.71;25.13;27.88;29.07;25.13;29.07;29.07;0.258542847;0.230316558;0.217600254;0.199424713;0.243676743;0.209738506;0.227794793;0.11988264;0.098238886;0.096170451;0.080350778;0.108103238;0.088360591;0.098438841;0.9443;1.0099;1.065;1.1073;0.9079;0.9938;0.9105;1.7951;2.4925;2.2053;2.891;2.2252;2.7998;2.6996;1.07;1.26;1.23;1.48;1.1;1.35;1.23
MD;7.357437227;6.728022369;6.444310345;6.08698676;7.042729798;6.265648552;6.650695489;61.9108584;62.4755455;66.5394756;70.2825962;62.3897774;68.4159214;65.5192736;25.97;23.05;22.61;23.11;25.97;23.11;25.97;0.240888084;0.231623882;0.2261335;0.234297295;0.239091874;0.231071777;0.234160441;0.125092236;0.103266121;0.102477235;0.104511731;0.11389839;0.103482426;0.108391142;0.9527;1.0228;1.0201;0.9969;0.9211;0.9465;0.8837;2.3684;4.7424;3.5961;3.6396;4.7449;3.9937;5.5707;1.19;1.8;1.55;1.49;1.7;1.58;1.84
DC;6.169534816;6.962688936;6.374874512;5.395460927;6.566111876;5.885183934;6.210339602;71.4545903;62.0008578;63.936669;76.4323769;66.7186306;70.1596758;68.6704918;24.74;24.41;22.97;23.7;24.74;23.7;24.74;0.242535979;0.251001466;0.271310397;0.243651194;0.248316127;0.25812848;0.253003874;0.117323449;0.125966009;0.144140993;0.117101717;0.121807548;0.129721753;0.12575764;1.0587;0.9749;0.9798;1.031;0.9486;0.9358;0.9043;1.9413;2.2395;2.4125;2.3981;2.1177;2.7184;2.6708;1.18;1.12;1.18;1.25;1.09;1.19;1.12
DC;6.544540176;5.968411583;5.626341577;4.311012599;6.25647588;4.968677088;5.589224233;68.4943395;74.1947652;74.8054653;91.2937481;71.3620644;83.0645023;77.668943;25.49;24.67;23.36;23.77;25.49;23.77;25.49;0.23570049;0.233759723;0.242378915;0.222249191;0.236005021;0.23177589;0.233876584;0.117088527;0.114167088;0.125674679;0.099053025;0.117139916;0.111018214;0.113211238;1.0307;0.9465;0.986;0.9139;0.9283;0.8896;0.875;1.8031;3.6894;5.9409;;3.926;9.3039;9.0881;1.12;1.41;1.94;;1.49;1.48;1.54
DC;5.871213243;5.423551589;5.526754692;4.698859305;5.647382416;5.112806998;5.377691305;61.5691998;64.6532858;72.3934841;65.3114787;63.1806993;70.2046489;66.7347338;24.45;19.65;24.56;19.52;24.45;24.56;24.56;0.275679347;0.264550269;0.239955709;0.284574355;0.271857882;0.262017508;0.268362711;0.16165249;0.139295891;0.11711837;0.165081956;0.149801812;0.137766316;0.143560087;0.8403;0.9853;1.0271;0.8479;0.8508;0.9168;0.8315;2.1087;2.0898;1.8863;2.8365;2.1611;2.577;2.691;1.06;1.18;1.16;1.24;1.05;1.21;1.16
DC;6.316884247;5.533820534;5.732975802;5.17964669;5.92535239;5.456311246;5.678055673;69.0374955;76.7831087;71.701158;85.6770327;72.9590424;78.5546326;75.9061909;27.45;25.01;24.51;24.91;27.45;24.91;27.45;0.237841035;0.230098022;0.236190385;0.211652044;0.2360865;0.226197327;0.2311193;0.120827331;0.114983662;0.121087668;0.098094479;0.119439748;0.110545389;0.114784137;0.9397;1.0433;0.9648;1.0334;0.9328;0.9325;0.8944;2.184;4.363;;6.1319;4.0391;11.6324;11.2136;1.14;1.67;1.63;1.89;1.54;10.42;1.76
DC;6.890527697;6.121332813;5.522719823;5.473798777;6.505943895;5.4982593;5.980263787;59.4764104;66.6011353;72.3079839;71.5121001;63.1046644;71.915602;67.8659276;25.72;24.54;24.73;21.45;25.72;24.73;25.72;0.273132305;0.243361211;0.248823317;0.240612784;0.258612115;0.245992655;0.251759685;0.144359417;0.120775603;0.122222162;0.118809961;0.131762448;0.120686904;0.125632635;0.9049;1.0075;0.9746;0.9727;0.8951;0.9119;0.8681;1.4451;3.7142;1.8734;5.8403;3.4806;5.14;5.4276;1;1.45;1.1;1.78;1.36;1.66;1.7
DC;5.820705507;6.028929935;6.026252816;5.302760904;5.924817721;5.66450686;5.793542269;82.8224121;71.043097;65.6071059;74.4614458;76.981874;70.0421252;73.7717611;30.36;24.09;23.05;23.4;30.36;23.4;30.36;0.226662074;0.246644337;0.244791897;0.234403461;0.237115928;0.239902227;0.239332099;0.109585744;0.127718365;0.117362035;0.111970978;0.12051956;0.114658801;0.117659371;0.9984;0.9963;0.9136;1.0044;0.9342;0.901;0.8752;;4.94;1.6589;;12.0683;7.7494;12.1197;1.56;1.81;1.03;1.8;1.58;1.84;1.59
DC;6.624503743;5.945190127;5.983780293;5.887607111;6.284846935;5.935693702;6.104574609;64.024263;57.9378824;65.4504873;70.1366652;61.7092052;67.8019937;64.8414679;28.51;19.14;22.63;24.92;28.51;24.92;28.51;0.250147357;0.284947285;0.242121147;0.236677344;0.265367171;0.240370728;0.252682402;0.129797685;0.159005804;0.123634212;0.120110405;0.142109934;0.121883862;0.132134865;0.9974;0.9409;0.9745;1.0403;0.9173;0.9408;0.8892;1.6745;1.6887;4.2571;7.0133;1.506;7.2186;6.4932;1.07;1.05;1.68;2;0.99;2.16;2.04
DC;7.072870384;6.529692714;6.26607334;6.13900839;6.801281549;6.202540865;6.504060929;61.6251177;64.8798259;67.1537929;67.9090016;63.3187945;67.5348074;65.4822762;27.63;26.64;23.12;21.31;27.63;23.12;27.63;0.248417469;0.24178142;0.225601239;0.227833761;0.246275269;0.228036806;0.237292482;0.134775607;0.123655821;0.109429069;0.10751134;0.12912074;0.109004336;0.119156336;0.9701;1.013;0.9758;1.001;0.9208;0.9252;0.8792;1.5695;2.4553;2.8312;1.9202;2.1345;2.7921;2.3771;1.03;1.26;1.32;1.13;1.1;1.25;1.12
DC;6.630467357;5.715786232;4.94680838;5.56494048;6.173143364;5.25587443;5.70001842;53.2131952;71.7510298;74.2315995;66.5424992;62.4092167;70.4064049;66.7121108;25.46;23.6;22.63;23.6;25.46;23.6;25.46;0.320884751;0.281156454;0.291062457;0.336321974;0.299754894;0.315980268;0.308888697;0.187458891;0.140498846;0.151536197;0.180112822;0.161545598;0.165134833;0.163961695;0.8102;1.0709;0.8849;0.9118;0.8932;0.8344;0.8362;1.3859;1.7704;;;1.6786;9.6888;9.3284;0.9;1.16;;2.11;0.99;1.37;1.51
DL;6.734251537;6.271231761;6.228605412;5.020540521;6.502741649;5.624572967;6.059709142;62.9160795;63.3139514;64.8068103;68.162031;63.2402846;67.3889018;65.6376345;23.96;22.64;26.25;17.57;23.96;26.25;26.25;0.262060883;0.254681752;0.273774111;0.303704562;0.258777637;0.287706543;0.272776993;0.141770591;0.128028053;0.133607421;0.161753733;0.135434021;0.145765407;0.139029944;1.0145;1.0712;1.1059;0.9504;0.962;0.9991;0.9255;1.7382;1.9671;2.121;2.4444;1.9375;2.8337;2.9543;1.09;1.18;1.24;1.22;1.08;1.35;1.31
DL;5.672879501;6.372641838;6.037436594;5.267957616;6.02276067;5.652709844;5.829415947;73.2670678;74.0368973;65.6999502;77.9217543;74.0486994;71.7276879;73.0236805;26.43;28.6;23.59;27.82;28.6;27.82;28.6;0.242602627;0.219030196;0.25537329;0.226814112;0.230268543;0.241484606;0.236863013;0.116864833;0.100174576;0.123718579;0.104615448;0.107743157;0.113810026;0.111271708;1.0157;1.002;0.959;1.0224;0.9279;0.9269;0.8952;1.7021;1.706;2.1237;1.8715;1.6904;2.0745;1.9463;1.2;1.12;1.13;1.18;1.08;1.11;1.04
DL;6.847360763;6.47738155;6.048100127;4.851816546;6.662371156;5.449958336;6.034179504;67.21159;66.1488786;72.1004817;90.8151569;66.7940836;81.1759575;74.2063204;29.12;25.81;27.65;28.27;29.12;28.27;29.12;0.238315519;0.244711196;0.225854831;0.194915745;0.241575865;0.210249292;0.226007849;0.116881941;0.120433513;0.102100566;0.084311761;0.119044865;0.092768483;0.104462642;0.9248;0.9087;0.9297;0.9734;0.8671;0.8861;0.8427;1.7474;2.198;5.004;4.1427;2.3417;5.3489;5.1194;1.06;1.14;1.8;1.58;1.14;1.83;1.71
DL;6.703864899;6.542524257;6.098545031;5.545312091;6.623194578;5.821928561;6.218959151;62.7222955;65.3216756;67.144656;72.8861678;64.0186696;70.0405764;67.184423;26.75;27.26;27.06;27.07;27.26;27.07;27.26;0.257573631;0.223763695;0.23955208;0.229945697;0.243311708;0.236026263;0.239585637;0.134651619;0.102464665;0.119266935;0.104562305;0.118132403;0.112340942;0.114785449;0.9541;1.079;0.8908;1.0142;0.9455;0.8949;0.8833;1.7437;2.176;1.8986;3.7717;2.0052;3.5168;3.3312;1.08;1.21;1.04;1.58;1.07;1.44;1.36
DL;6.98773028;6.850127128;5.978532098;5.663093794;6.918928704;5.820812946;6.339959405;66.0916226;74.465663;70.8160059;83.5917318;70.3292937;77.1967669;74.2168661;26.95;29.09;26.5;24.92;29.09;26.5;29.09;0.249521046;0.213236813;0.225235129;0.202729392;0.232254544;0.215558799;0.222128293;0.118354713;0.101077922;0.101528127;0.088536545;0.110248621;0.096837532;0.101937606;0.9708;1.0808;0.8785;0.9961;0.9497;0.875;0.8931;1.7361;2.3854;4.5973;2.0414;2.574;4.4137;4.3622;1.1;1.34;1.6;1.17;1.26;1.54;1.55
DL;7.444941485;6.351493829;6.012881113;6.231962799;6.898237046;6.122421956;6.493516599;60.8214314;68.9585858;69.9153391;70.8591063;65.059765;70.4385328;67.9807193;31.38;26.51;27.86;27.97;31.38;27.97;31.38;0.252824929;0.224623834;0.232711495;0.227286422;0.239108011;0.231322338;0.234867171;0.12678061;0.100017676;0.111423993;0.101005272;0.112545459;0.106532461;0.109213227;0.9153;1.021;1.0272;0.9625;0.9159;0.9137;0.8795;1.4902;2.1662;1.8476;2.4165;2.3242;2.2362;2.6749;1.07;1.17;1.16;1.24;1.16;1.14;1.21
DL;5.938733421;6.403982362;5.915145041;5.253197051;6.171357892;5.584171046;5.875238021;83.103526;71.6280329;71.5177474;75.9422585;77.2917089;73.8674273;76.013065;29.8;27.56;24.95;23.26;29.8;24.95;29.8;0.210207654;0.223660637;0.215675196;0.223455668;0.218052596;0.219870254;0.218940762;0.092733754;0.112298329;0.094568799;0.099141122;0.101871946;0.096511355;0.099518383;1.0457;1.0135;0.9721;1.0079;0.9521;0.9316;0.8987;3.8496;;2.0428;4.376;7.5512;4.279;7.6159;1.56;1.79;1.17;1.49;6.68;1.57;1.46
DL;6.973482322;6.631617375;6.323656691;5.893137977;6.802549848;6.108397334;6.444149935;61.230024;59.7559335;65.733159;73.9072599;60.6045735;69.7829955;65.3272363;26.56;29.79;24.43;25.84;29.79;25.84;29.79;0.255324248;0.268643362;0.242431588;0.226120641;0.263456743;0.236063699;0.249666925;0.128515253;0.143961612;0.120826343;0.11101868;0.136571693;0.116691143;0.125899961;0.988;0.9235;0.939;0.977;0.8834;0.8973;0.8514;1.8331;1.9728;3.0723;;1.8817;9.8976;9.3691;1.1;1.06;1.37;2.37;1.01;2.25;2.31
DL;7.275546129;6.632846143;6.826193821;6.928734767;6.954196136;6.877462457;6.915932836;62.384719;66.9481889;70.1275513;68.7042874;64.7288903;69.4136707;67.0825998;27.47;26.27;27.49;28.93;27.47;28.93;28.93;0.247936143;0.238733327;0.215319305;0.218347504;0.243363031;0.218407827;0.232714961;0.125142025;0.117942351;0.103088136;0.098704591;0.122278388;0.101314937;0.111532291;0.9232;1.0687;0.9745;1.016;0.9252;0.9339;0.8799;1.7447;1.8717;2.6239;2.1482;1.831;2.6156;2.5192;1.05;1.19;1.23;1.18;1.05;1.17;1.15
DL;6.875272806;5.779950725;5.506543773;5.843709271;6.327631608;5.675126522;5.991071172;52.8481029;71.6407768;82.4875971;68.2964678;62.1658738;75.3951808;68.9047423;21.99;25.17;30.3;29.7;25.17;30.3;30.3;0.314459087;0.258355731;0.236918074;0.28144245;0.285429585;0.260423067;0.273111323;0.17010932;0.111601481;0.11083012;0.137273717;0.1368631;0.123329895;0.13185426;0.8298;1.0619;0.9576;0.9946;0.9173;0.9111;0.877;1.6843;2.6359;5.3045;6.3962;2.5621;6.1511;5.911;0.93;1.36;1.28;2.05;1.21;1.58;1.68
A;6.610133324;7.304836606;7.271596583;6.564496026;6.957484965;6.918058011;6.93688511;73.7896034;66.2553484;66.889228;78.666482;70.0119026;72.68786;71.4152023;28.58;28.33;28.09;27.61;28.58;28.09;28.58;0.225257699;0.232046724;0.245694323;0.211604993;0.22967147;0.229982924;0.229832207;0.098905971;0.113266778;0.122147308;0.08608656;0.105814302;0.102294994;0.104141391;1.1047;1.0012;0.9674;1.0297;0.9854;0.9404;0.9189;;3.121;3.2938;1.9504;8.4525;3.2203;8.3704;1.95;1.43;1.43;1.22;2.02;1.41;1.36
A;7.66340119;6.705757293;6.178903406;5.204412373;7.184579242;5.691657889;6.411046733;61.4951939;70.1786794;68.9986474;90.1040145;65.8843781;79.1996691;72.963962;25;27.95;23.79;24.43;27.95;24.43;27.95;0.252269482;0.233679508;0.2349894;0.194731832;0.243943321;0.213776225;0.227977299;0.128832523;0.111426404;0.11176917;0.082641606;0.119546448;0.097224333;0.106859434;1.0539;1.0629;0.9927;1.0161;0.9996;0.9345;0.9291;2.0336;;5.1718;7.1287;7.3253;6.8457;7.9338;1.16;2.04;1.71;1.81;2.19;2;2.27
A;7.984414497;7.248574266;6.722560484;6.76248179;7.61650743;6.742521137;7.160573886;58.8313303;69.4940675;72.945839;73.702897;64.1250146;73.3273128;68.9162519;25.92;27.72;24.1;27.16;27.72;27.16;27.72;0.253421992;0.219797736;0.230915901;0.211179596;0.237053963;0.223528419;0.23062239;0.122412884;0.09579447;0.108624421;0.09046259;0.108376462;0.099710268;0.104252972;0.9397;0.9822;1.0324;0.9898;0.9078;0.9479;0.8927;1.9029;4.128;5.4111;6.8756;4.1601;6.9877;6.6575;1.07;1.64;1.88;1.95;1.56;2.05;2.01
A;7.522699577;7.252587651;6.880506215;6.581134643;7.387643614;6.730820429;7.048517317;62.0702125;56.5469453;65.7746298;69.6293326;59.5105069;67.6957986;63.726137;26.48;26.37;27.51;27.1;26.48;27.51;27.51;0.25387099;0.270530832;0.229948458;0.235611354;0.265085695;0.233537636;0.250017717;0.120845251;0.146205557;0.109529947;0.112577075;0.13374262;0.111424542;0.121971454;1.0258;1.0205;0.951;0.9976;0.954;0.9063;0.8844;1.9813;2.0388;;5.3643;2.3614;10.5601;9.8588;1.14;1.16;;1.72;1.18;9.27;1.44
DL;7.221855792;6.601801123;5.964012094;5.202116421;6.911828457;5.583064258;6.242816008;67.2107519;78.3238605;80.9125382;87.126924;72.6914853;84.1244953;78.6067076;30.29;30.17;26.39;28.81;30.29;28.81;30.29;0.217179941;0.196919612;0.201920521;0.19767763;0.208599583;0.201738074;0.203967173;0.100934291;0.08187852;0.089908209;0.087050377;0.091387279;0.087564734;0.089886772;0.9821;1.0707;1.0603;1.0616;0.9552;0.9922;0.9285;1.9208;2.3711;;7.2064;2.181;8.0454;7.4915;1.12;1.25;1.94;1.42;1.11;1.82;1.9
A;5.799681183;6.189192812;6.008302761;5.098960927;5.994436997;5.553646899;5.764132311;79.7095989;72.4407371;76.3993669;97.630658;76.0340592;86.6027313;81.472499;25.29;29.74;27.89;29.42;29.74;29.42;29.74;0.209162686;0.230737668;0.238803402;0.185167605;0.220976082;0.21132984;0.219447997;0.091042672;0.094782716;0.092493725;0.070197447;0.09425016;0.081084166;0.0878781;1.0828;1.0017;1.0161;0.9841;0.9641;0.9311;0.9075;2.6861;4.0152;2.1624;;4.3745;9.4757;9.2619;1.4;1.5;1.21;9.46;1.67;8.76;1.4
A;5.71817254;6.177806358;6.185657634;5.382496758;5.947989449;5.784077196;5.865611622;75.0828313;74.4015899;70.2245763;77.4285746;74.8709279;73.9178066;74.4264962;27.62;27.5;30.73;24.62;27.62;30.73;30.73;0.230621007;0.219884231;0.234402566;0.231347555;0.22419564;0.233190611;0.22996684;0.100761153;0.0923621;0.104921295;0.094396657;0.096732026;0.099328256;0.098850626;1.0142;1.0252;0.9574;1.0023;0.9393;0.9138;0.884;;3.1257;1.8476;3.2143;12.1931;3.1019;12.1357;;1.45;1.15;1.45;11;1.36;1.83
A;6.49560271;5.781751917;4.743676235;4.310264462;6.138677314;4.526970348;5.324070037;71.8153685;76.3605181;84.2054512;100.7917363;74.2105636;92.3052092;83.4466068;30.46;29.83;27.51;34.45;30.46;34.45;34.45;0.23142081;0.229591635;0.253335251;0.233637381;0.23121701;0.244436993;0.237519713;0.099177279;0.099324594;0.109105831;0.092731416;0.099221059;0.101488766;0.101411971;1.0107;0.987;0.9671;1.0136;0.9265;0.9262;0.8897;3.0143;1.9905;;;3.0849;11.9707;11.4448;1.41;1.25;1.95;;1.35;10.85;1.2
A;6.42162484;5.576145729;5.727636729;5.282425806;5.998885284;5.505039246;5.752628635;63.8899193;74.5073726;75.7226341;81.3523224;69.1845149;78.5271645;73.782317;25.87;29.05;27.7;28.67;29.05;28.67;29.05;0.24092219;0.221103051;0.197885049;0.19574163;0.232254862;0.198411578;0.217796563;0.103121778;0.091067278;0.07692973;0.077844859;0.09716442;0.077824386;0.087232828;0.9649;1.0334;1.0566;1.0266;0.9249;0.9694;0.8968;1.8853;1.8141;2.1509;;1.8808;10.1277;9.7482;1.14;1.14;1.24;1.67;1.07;1.64;1.87
DL;6.126619086;6.795101804;6.240754255;5.256582119;6.460860445;5.748684481;6.088761656;76.0075453;63.2473286;62.7513364;74.257668;69.5444715;68.5473953;69.4468434;26.69;29.51;22.1;23.36;29.51;23.36;29.51;0.240248547;0.258569948;0.277350879;0.236097808;0.25094368;0.258742316;0.254208267;0.114744292;0.125395221;0.149239069;0.108357014;0.120851396;0.126665288;0.12404932;1.0841;0.9647;0.9801;1.0309;0.9675;0.9352;0.9161;5.348;1.8037;3.5433;2.1923;5.2817;3.5439;5.3088;1.95;1.1;1.48;1.23;1.86;1.44;1.82
DL;6.65754928;6.272740305;6.158657423;4.930778615;6.465144792;5.544718019;5.988240881;67.3277922;70.8399303;63.9843651;86.9788531;69.0951374;75.0945408;72.4256344;25.71;21.48;23.98;25.33;25.71;25.33;25.71;0.238733601;0.236876793;0.245314186;0.205477595;0.237867964;0.223986574;0.231824699;0.126660634;0.117727386;0.124595032;0.083622674;0.122220936;0.103580993;0.11135489;1.0478;1.0166;0.9939;0.9842;0.973;0.9172;0.9096;2.9643;;2.7999;;7.812;7.7828;8.3534;1.43;2.26;1.34;;2.22;6.89;1.61
DL;7.131442656;6.413683501;5.708387097;6.041484781;6.772575806;5.874935939;6.304302872;58.5492511;65.295096;70.4197103;69.4313416;61.9692793;69.9836595;66.2512301;27.01;25.31;27.86;26.92;27.01;27.86;27.86;0.282445331;0.252923953;0.230513927;0.229635072;0.270173061;0.230966989;0.250347635;0.157649405;0.120710292;0.111021732;0.107090691;0.139233975;0.108841913;0.12221656;0.8547;0.9116;1.0222;1.0174;0.8374;0.9385;0.8577;1.9057;1.8846;2.3279;4.4136;2.1254;4.5731;4.1704;1.06;1.04;1.3;1.6;1.05;1.59;1.5
DL;6.148190403;6.350520103;6.273619548;5.210134462;6.249355253;5.741877005;5.993432638;77.7048407;68.9936757;65.5966473;81.1848851;73.3637956;73.262262;73.5039563;28.48;27.75;26.84;26.88;28.48;26.88;28.48;0.235525931;0.242498353;0.244763708;0.216718863;0.239177157;0.230635102;0.235202982;0.115320315;0.123191407;0.122674239;0.097477976;0.119686575;0.109767759;0.114142385;0.9592;1.017;0.9415;1.0741;0.9236;0.9497;0.8893;;1.9443;4.9835;;11.9996;14.3407;15.4031;1.59;1.19;1.58;1.69;10.81;1.74;1.89
DL;7.062649174;6.359586391;6.463116388;6.192696629;6.711117782;6.327906508;6.514937233;60.7677116;61.9628725;61.5705825;72.7507233;61.611722;67.2026359;64.4645918;27.36;24.13;25.42;28.18;27.36;28.18;28.18;0.262309973;0.271350492;0.259361941;0.233828542;0.267990239;0.2467419;0.259382192;0.14105143;0.142631674;0.136639347;0.118460831;0.140498705;0.127835717;0.135022192;1.0274;0.9791;0.9884;1.0422;0.9369;0.9383;0.8947;2.9903;1.6183;6.2116;;2.9721;8.1888;8.0377;1.42;1.07;2;1.95;1.35;2.18;2.15
DL;7.031539284;5.760846998;6.096583041;6.325607168;6.396193141;6.211091;6.303891838;61.0345095;71.1059448;73.8379427;71.0873928;66.3345926;72.4595339;69.3888537;26.32;23.53;25.67;24.64;26.32;25.67;26.32;0.282035339;0.241687836;0.219241283;0.218933102;0.262866507;0.220301555;0.242631211;0.160254018;0.115379619;0.106714653;0.101250391;0.135382289;0.10414333;0.119363606;0.9177;1.0071;1.0415;1.051;0.9101;0.9907;0.9061;3.7823;5.0149;;1.9711;5.1659;7.4169;7.5257;1.28;1.76;1.59;1.22;1.71;1.82;2.03
DL;7.009818854;5.77455;5.360434664;5.404557513;6.392206804;5.382496089;5.871400628;52.0127018;70.5741372;79.0614486;69.8057132;61.2554377;74.5399224;68.0859799;29.22;26.12;27.41;26.2;29.22;27.41;29.22;0.337121459;0.253810214;0.250950878;0.319417613;0.294035312;0.284965304;0.29185981;0.184177323;0.108233086;0.121063733;0.161130582;0.142358951;0.140156566;0.143104304;0.8316;0.9838;0.9232;1.0034;0.8517;0.9007;0.8415;1.636;3.0621;;;2.924;11.9981;11.0162;0.96;1.4;;2.43;1.23;1.64;1.88
A;6.979385835;5.174541009;5.751316582;5.241115313;6.076996851;5.496215948;5.765614379;64.6671299;77.8057965;76.7380483;73.6806439;71.9234253;75.5888822;73.9906037;26.09;26.43;30.74;26.52;26.43;30.74;30.74;0.210114179;0.209262604;0.186090398;0.230682848;0.207955384;0.208165131;0.209459323;0.091672259;0.091259034;0.07579875;0.100778857;0.089241182;0.087246452;0.088332748;1.0274;0.9959;1.0376;0.9586;0.9569;0.9375;0.9023;1.9339;4.4666;;;4.0344;10.4505;9.8097;1.16;1.7;1.68;1.64;1.6;1.6;1.78
MD;7.604437675;7.082112393;6.914474368;5.255005666;7.343275034;6.084740017;6.691185928;59.7082163;62.091707;63.7683341;90.6712804;60.9681063;76.6634064;69.0199617;22.82;22.57;22.08;23.91;22.82;23.91;23.91;0.238340472;0.221274004;0.226294751;0.190746144;0.23040706;0.207384371;0.217299448;0.125043366;0.118822229;0.121348539;0.08182154;0.122370734;0.099873001;0.110325346;1.1079;1.0193;1.0541;1.0595;1.0131;0.9787;0.957;2.0937;;6.1765;;11.0402;11.8723;12.3581;1.22;1.79;1.91;;1.75;10.68;1.03
MD;7.787913024;6.711658146;6.232497917;6.388960323;7.24980552;6.31072912;6.746324896;51.8698302;66.0041197;70.9202778;65.2929214;58.9423351;68.1103934;63.9181556;20.9;21.76;23.16;19.74;21.76;23.16;23.16;0.267421088;0.232337129;0.210533379;0.236636638;0.249572756;0.225729308;0.235691807;0.155028023;0.114547466;0.103927738;0.119726843;0.132901808;0.112604614;0.12191202;0.9843;1.115;1.1475;1.0888;0.9756;1.0458;0.9798;1.6989;2.3392;3.2301;7.6665;2.2533;7.5354;7.2314;1.07;1.33;1.43;2.3;1.19;2.22;2.22
MD;6.94574194;6.804032453;7.326607957;6.864295137;6.874887197;7.095451547;6.985948696;62.5989188;68.6528147;59.8549089;62.5101559;65.6436968;61.2285654;63.4162434;23.1;24.3;24.01;25.53;24.3;25.53;25.53;0.247782253;0.232136608;0.273366541;0.265037677;0.240068369;0.271924435;0.256909536;0.131237383;0.11300586;0.147107237;0.123353014;0.12202103;0.134331603;0.12923988;1.0095;1.0554;1.0522;1.0485;0.9631;0.9913;0.9356;3.4886;3.7352;2.0557;2.3678;4.122;2.3513;4.1263;1.48;1.56;1.17;1.28;1.58;1.17;1.57
MD;8.051051966;7.341259386;7.227628825;6.548222119;7.696155676;6.887925472;7.270025306;58.0049922;65.8772121;65.9151258;74.2363486;61.9397847;70.0467726;66.2230804;28.54;26.85;26.8;27.98;28.54;27.98;28.54;0.273089288;0.23839826;0.224698072;0.218578296;0.256792961;0.222676253;0.239052894;0.155283023;0.122123106;0.118032173;0.112701944;0.138459299;0.115599027;0.127200787;1.0172;1.1915;1.0095;0.9975;1.0351;0.9443;0.9574;1.5997;3.1323;;;2.634;16.9267;16.0057;1.1;1.5;;;1.33;1.68;1.89
MD;7.432202457;5.818594522;6.761152111;6.712519696;6.625398489;6.736835903;6.68243254;54.8661183;79.8283224;64.0859364;65.4136444;67.0797915;64.7487391;65.884619;23.92;23.37;21.01;22.96;23.92;22.96;23.92;0.295217246;0.219185083;0.239486792;0.232237269;0.254572056;0.235650898;0.244903084;0.156705225;0.103613241;0.12427017;0.119955451;0.129864614;0.12243389;0.126093197;0.9555;1.1129;0.9519;1.0514;0.9826;0.9335;0.9132;2.6615;;;;7.5277;10.7284;10.6039;1.27;2.17;1.65;2.29;2.25;1.81;1.82
MD;6.338239258;7.290798493;7.211179392;6.379937086;6.814518875;6.795572001;6.804619483;72.7234876;60.0659084;62.1253836;72.9407073;66.3419779;67.490856;66.9427403;21.84;22.29;23.79;24.53;22.29;24.53;24.53;0.221533013;0.251618293;0.257400442;0.214899291;0.236636785;0.237204764;0.236766506;0.110770844;0.133617988;0.136575907;0.104172968;0.123200801;0.119988525;0.121665274;1.1533;1.0268;1.063;1.1262;1.0196;1.0276;0.9788;;3.3586;3.9773;6.2052;12.7699;6.2762;12.7443;;1.46;1.64;2.01;11.6;2.06;1.42
MD;8.142712958;7.201371116;6.762639178;6.862084417;7.67205873;6.812361798;7.223579535;50.4024856;59.1618326;68.1120249;64.2977121;54.8659482;66.2092097;60.7733561;26.49;25.9;23.73;22.99;26.49;23.73;26.49;0.27385321;0.252665452;0.232900121;0.233576319;0.264039063;0.234735796;0.249931579;0.153752351;0.139431932;0.120590704;0.113489641;0.146080495;0.118038611;0.130792709;0.9493;1.0496;1.0709;1.0077;0.9479;0.9629;0.9158;1.6946;4.3192;3.5986;4.2461;3.8377;4.6135;4.7042;1.08;1.48;1.53;1.68;1.42;1.71;1.7
MD;7.811573074;6.333334058;5.915044555;6.122603904;7.072480345;6.01882423;6.529007245;48.2498839;66.327504;74.8448251;66.7978792;57.3849814;70.8272405;64.3030869;22.82;21.63;23.3;21.49;22.82;23.3;23.3;0.324543748;0.265027772;0.239011104;0.284959425;0.291973045;0.262304096;0.27807437;0.186464688;0.13344703;0.111390534;0.139268285;0.157906457;0.126092991;0.143525482;0.9246;1.0659;0.9658;1.0817;0.9402;0.9584;0.9134;1.5296;2.0375;;1.4018;1.8137;13.1861;12.345;0.99;1.21;1.64;1.93;1.05;1.78;1.79
MD;7.101129331;6.467151005;6.761911691;6.401140502;6.784140168;6.581532562;6.683109753;59.4537419;67.7916537;67.5143177;68.9512623;63.6098998;68.2766057;65.9319184;27.14;25.13;27.54;24.89;27.14;27.54;27.54;0.24958367;0.227105495;0.210733691;0.198871226;0.239109564;0.206937151;0.223028999;0.12929203;0.109645375;0.10260823;0.084242178;0.119074826;0.093955199;0.105985627;1.0768;1.0854;1.103;1.1059;1.0013;1.037;0.968;1.881;4.9677;4.1018;6.1009;4.2962;6.235;6.2458;1.19;1.75;1.72;1.92;1.59;2.1;1.94